url,excerpt,risk_category,company,source,quarter
https://www.rev.com/transcripts/nvidia-q1-2026-earnings-call,"Thank you, Toshiya. We delivered another strong quarter with revenue of 44 billion, up 69% year over year, exceeding our outlook in what proved to be a challenging operating environment. Data center revenue of 39 billion grew 73% year-on-year. AI workloads have transitioned strongly to inference and AI factory build outs are driving significant revenue. Our customer's commitments are firm. On April 9th, the US government issued new export controls on H20, our data center GPU designed specifically for the China market. We sold H20 with the approval of the previous administration. Although our H20 has been in the market for over a year and does not have a market outside of China, the new export controls on H20 did not provide a grace period to allow us to sell through our inventory. In Q1, we recognized 4.6 billion in H20 revenue, which occurred prior to April 9th, but also recognized a 4.5 billion charge as we wrote down inventory and purchase obligations tied to orders we had received prior to April 9th.",Inventory Risk,INTEL,Earnings Call,Q3 2025
https://www.rev.com/transcripts/nvidia-q1-2026-earnings-call,"( 03:37 ) We were unable to ship 2.5 billion in H20 revenue in the first quarter due to the new export controls. The 4.5 billion charge was less than what we initially anticipated as we were able to reuse certain materials. We are still evaluating our limited options to supply data center compute products compliant with the US government's revised export control rules. Losing access to the China AI accelerator market, which we believe will grow to nearly 50 billion, would have a material adverse impact on our business going forward and benefit our foreign competitors in China and worldwide. Our Blackwell ramp, the fastest in our company's history drove a 73% year-on-year increase in data center revenue. Blackwell contributed nearly 70% of data center compute revenue in the quarter with a transition from Hopper nearly complete. The introduction of GB200 NVL was a fundamental architectural change to enable data center scale workloads and to achieve the lowest cost per inference token.",Transportation Risk,INTEL,Earnings Call,Q3 2025
https://www.rev.com/transcripts/nvidia-q1-2026-earnings-call,"( 04:53 ) While these systems are complex to build, we have seen a significant improvement in manufacturing yields and rack shipments are moving to strong rates to end customers. GB200 NVL racks are now generally available for modern builders, enterprises and sovereign customers to develop and deploy AI. On average, major hyperscalers are each deploying nearly 1,000 NVL 72 racks, or 72,000 Blackwell GPUs per week and are on track to further ramp output this quarter. Microsoft, for example, has already deployed tens of thousands of Blackwell GPUs and is expected to ramp to hundreds of thousands of GB200s with OpenAI as one of its key customers. Key learnings from the GB200 ramp will allow for a smooth transition to the next phase of our product roadmap, Blackwell Ultra. Sampling of GB300 systems began earlier this month at the major CSPs and we expect production shipments to commerce later this quarter.",Supplier Risk,INTEL,Earnings Call,Q3 2025
https://www.rev.com/transcripts/nvidia-q1-2026-earnings-call,"( 06:10 ) GB300 will leverage the same architecture, same physical footprint, and the same electrical and mechanical specifications as GB200. The GB300 drop-in design will allow CSPs to seamlessly transition their systems and manufacturing used for GB200 while maintaining high yields. B300 GPUs with 50% more HBM will deliver another 50% increase in dense FP4 inference compute performance compared to the B200. We remain committed to our annual product cadence with our roadmap extending through 2028 tightly aligned with the multiple year planning cycles of our customers. We are witnessing a sharp jump in inference demand. OpenAI, Microsoft and Google are seeing a step function leap in token generation. Microsoft processed over 100 trillion tokens in Q1, A five-fold increase on a year-over-year basis. This exponential growth in Azure, OpenAI is representative of strong demand for Azure AI Foundry, as well as other AI services across Microsoft's platform.",Supplier Risk,INTEL,Earnings Call,Q3 2025
https://www.rev.com/transcripts/nvidia-q1-2026-earnings-call,"( 13:19 ) We created the world's fastest switch, NVLink, for scale up. Our NVLink compute fabric in its fifth generation offers 14X the bandwidth of PCIe Gen 5. NVLink 72 carries 130 terabytes per second of bandwidth in a single rack equivalent to the entirety of the world peak internet traffic. NVLink is a new growth factor and is off to a great start with Q1 shipments exceeding a billion dollars. At Computex, we announced NVLink Fusion, hyperscale customers can now build semi-custom CCUs and accelerators that connect directly to the NVIDIA platform with NVLink. We are now enabling key partners, including ASIC providers such as MediaTek, Marvell, Alchip Technologies and Astera Labs, as well as CPU suppliers such as Fujitsu and Qualcomm, to leverage NVLink Fusion to connect our respective ecosystems. For scale out, our enhanced ethernet offerings deliver the highest throughput, low latency networking for AI. Spectrum-X posted strong, sequential and year-on-year growth and is now annualizing over eight billion in revenue.",Supplier Risk,INTEL,Earnings Call,Q3 2025
https://www.rev.com/transcripts/nvidia-q1-2026-earnings-call,"( 16:25 ) Moving to gaming and AI PCs. Gaming revenue was a record 3. 8 billion, increasing 48% sequentially and 42% year-on-year. Strong adoption by gamers, creatives, and AI enthusiasts have made Blackwell our fastest ramp ever. Against a backdrop of robust demand, we greatly improved our supply and availability in Q1 and expect to continue these efforts in Q2.",Other,INTEL,Earnings Call,Q3 2025
https://www.rev.com/transcripts/nvidia-q1-2026-earnings-call,"( 19:38 ) At COMPUTEX, we showcased Omniverse's great fraction with technology manufacturing leaders including TSMC, Quanta, Foxconn, Pegatron. Using Omniverse, TSMC saves months in work by designing fabs virtually. Foxconn accelerates thermal simulations by 150X, and Pegatron reduced assembly line defects rates by 67%.",Supplier Risk,INTEL,Earnings Call,Q3 2025
https://www.rev.com/transcripts/nvidia-q1-2026-earnings-call,"( 25:44 ) Today; however, the $50 billion China market is effectively closed to US industry. The H20 export ban ended our Hopper data center business in China. We cannot reduce Hopper further to comply. As a result, we are taking a multi-billion dollar write-off on inventory that cannot be sold or repurposed. We are exploring limited waste to compete, but Hopper is no longer an option.",Inventory Risk,INTEL,Earnings Call,Q3 2025
https://www.rev.com/transcripts/nvidia-q1-2026-earnings-call,"( 26:49 ) The AI race is not just about chips, it's about which stack the world runs on. As that stack grows to include 6G and quantum, US global infrastructure leadership is at stake. The US has based its policy on the assumption that China cannot make AI chips. That assumption was always questionable and now it's clearly wrong. China has enormous manufacturing capability. In the end, the platform that wins the AI developers, wins AI.",Supplier Risk,INTEL,Earnings Call,Q3 2025
https://www.rev.com/transcripts/nvidia-q1-2026-earnings-call,"( 29:17 ) Regarding onshore manufacturing, President Trump has outlined a bold vision to reshore advanced manufacturing, create jobs, and strengthen national security. Future plants will be highly computerized in robotics. We share this vision.",Supplier Risk,INTEL,Earnings Call,Q3 2025
https://www.rev.com/transcripts/nvidia-q1-2026-earnings-call,"( 29:37 ) TSMC is building six fabs and two advanced packaging plants in Arizona to make chips for NVIDIA. Process qualification is underway with volume production expected by year-end. SPILL and Amcor are also investing in Arizona, constructing packaging assembly and test facilities. In Houston, we're partnering with Foxconn to construct a million-square-foot factory to build AI supercomputers. Wistron is building a similar plant in Fort Worth, Texas.",Supplier Risk,INTEL,Earnings Call,Q3 2025
https://www.rev.com/transcripts/nvidia-q1-2026-earnings-call,"( 30:11 ) To encourage and support these investments, we've made substantial long-term purchase commitments, a deep investment in America's AI manufacturing future. Our goal from chip to supercomputer built in America within a year. Each GB200 NVLink 72 racks contains 1.2 million components and weighs nearly two tons. No one has produced supercomputers on this scale. Our partners are doing an extraordinary job.",Supplier Risk,INTEL,Earnings Call,Q3 2025
https://www.rev.com/transcripts/nvidia-q1-2026-earnings-call,"( 37:38 ) Now going forward, we did have other orders going forward that we will not be able to fulfill. That is what was incorporated therefore in the amount that we wrote down of the 4.6, $4.5 billion. That write down was about inventory and purchase commitments. And our purchase commitments were about what we expected regarding the orders that we had received. Going forward, though, it's a bigger issue regarding the amount of the market that we will not be able to serve. We assess that TAM to be close to about 50 billion in the future as we don't have a product to enable for the China.",Inventory Risk,INTEL,Earnings Call,Q3 2025
https://www.rev.com/transcripts/nvidia-q1-2026-earnings-call,"Vivek, probably the best way to think through it is that AI is several things. Of course, we know that AI is this incredible technology that's going to transform every industry from, of course, the way we do software to healthcare and financial services to retail to, I guess, every industry, transportation, manufacturing. And we're at the beginning of that. But maybe another way to think about that is where do we need intelligence? Where do we need digital intelligence? And it's in every country, it's in every industry. And we know because of that, we recognize that AI is also an infrastructure. It's a way of delivering a technology that requires factories. And these factories produce tokens and they, as I mentioned, are important to every single industry in every single country. And so on that basis, we're really at the very beginning of it because the adoption of this technology is really kind of in its early, early stages now.",Supplier Risk,INTEL,Earnings Call,Q3 2025
https://www.rev.com/transcripts/nvidia-q1-2026-earnings-call,"Well, we have more orders today than we did the last time I spoke about orders at GTC. However, we're also increasing our supply chain and building out our supply chain. They're doing a fantastic job. We're building it here on shore, United States, but we're going to keep our supply chain quite busy for many more years coming. With respect to further announcements, I'm going to be on the road next week through Europe, and just about every country needs to build out AI infrastructure and there are umpteen AI factories being planned. I think in the remarks, Colette mentioned, there's 100 AI factories being built. There's a whole bunch that haven't been announced. And I think the important concept here, which makes it easier to understand is that like other technologies that impact literally every single industry, of course electricity was one, and it became infrastructure. Of course, the information infrastructure, which we now know as the internet affects every single industry, every country, every society. Intelligence is surely one of those things. I don't know any company, industry, country who thinks that intelligence is optional. It's essential infrastructure. So we've now digitalized intelligence. So I think we're clearly in the beginning of the build out of this infrastructure. Every country will have it. I'm certain of that. Every industry will use it. That I'm certain of. What's unique about this infrastructure is that it needs factories. It's a little bit like the energy infrastructure, electricity. It needs factories. We need factories to produce this intelligence. And the intelligence is getting more sophisticated. We were talking about earlier that we had a huge breakthrough in the last couple of years with reasoning AI and now there are agents that reason, and there are super agents that use a whole bunch of tools, and then there's clusters of super agents, where agents are working with agents solving problems. So you could just imagine, compared to one-shot chatbots and the agents that are now using AI built on these large language models, how much more compute intensive they really need to be and are. So I think we're in the beginning of the build out and there should be many, many more announcements in the future.",Transportation Risk,INTEL,Earnings Call,Q3 2025
https://www.rev.com/transcripts/nvidia-q1-2026-earnings-call,"( 47:22 ) Then this second part of my question, Jensen, I know you guide one quarter at a time, but with regard to the AI diffusion rule being lifted and this momentum with sovereign, there's been times in your history where you've, you guys have said on calls like this where you have more conviction in sequential growth throughout the year, et cetera. And given the unleashing of demand with AI Diffusion being revoked and the supply chain increasing,",Other,INTEL,Earnings Call,Q3 2025
https://www.rev.com/transcripts/nvidia-q1-2026-earnings-call,"Thanks Ben for the question. When we look at our Q2 guidance and our commentary that we provided, that had the export controls not occurred, we would've had orders of about $8 billion for H20. That's correct. That was a possibility for what we would've had in our outlook for this quarter in Q2. So, what we also have talked about here is the growth that we've seen in Blackwell, Blackwell across many of our customers as well as the growth that we continue to have in terms of supply that we need for our customers. So, putting those together, that's where we came through with the guidance that we provided. I'm going to turn the rest over to Jensen to see how he wants.",Transportation Risk,INTEL,Earnings Call,Q3 2025
https://www.rev.com/transcripts/nvidia-q1-2026-earnings-call,"( 52:29 ) And so, computing is one stat, one part of it. But remember, enterprise IT is really three pillars. It's compute, storage, and networking, and we've now put all three of them together finally, and we're going to market with that. And then lastly, industrial AI. Remember, one of the implications of the world reordering, if you will, is regions onshore manufacturing and building plants everywhere. In addition to AI factories, of course, there are new electronics manufacturing, chip manufacturing being built around the world. And all of these new plants and these new factories are creating exactly the right time when omniverse and AI and all the work that we're doing with robotics is emerging. And so, this fourth pillar is quite important.",Supplier Risk,INTEL,Earnings Call,Q3 2025
